CustomerID,Name,Email
101,John Doe,john.doe@example.com
102,Jane Smith,jane.smith@example.com
103,Bob Lee,bob.lee@example.com
104,Jerry Doe,jerry.doe@example.com
105,Sam Smith,sam.smith@example.com
106,Alan Hey,alan.hey@example.com
107,Chuan Chou,chuan.chou@example.com
108,Kerry Dog,kerry.dog@example.com
109,Jerry Dog,jerry.dog@example.com
110,Tom Dog,tom.dog@example.com